-- MySQL dump 10.13  Distrib 8.0.38, for Win64 (x86_64)
--
-- Host: localhost    Database: ta23a
-- ------------------------------------------------------
-- Server version	8.0.39

/*!40101 SET @OLD_CHARACTER_SET_CLIENT=@@CHARACTER_SET_CLIENT */;
/*!40101 SET @OLD_CHARACTER_SET_RESULTS=@@CHARACTER_SET_RESULTS */;
/*!40101 SET @OLD_COLLATION_CONNECTION=@@COLLATION_CONNECTION */;
/*!50503 SET NAMES utf8 */;
/*!40103 SET @OLD_TIME_ZONE=@@TIME_ZONE */;
/*!40103 SET TIME_ZONE='+00:00' */;
/*!40014 SET @OLD_UNIQUE_CHECKS=@@UNIQUE_CHECKS, UNIQUE_CHECKS=0 */;
/*!40014 SET @OLD_FOREIGN_KEY_CHECKS=@@FOREIGN_KEY_CHECKS, FOREIGN_KEY_CHECKS=0 */;
/*!40101 SET @OLD_SQL_MODE=@@SQL_MODE, SQL_MODE='NO_AUTO_VALUE_ON_ZERO' */;
/*!40111 SET @OLD_SQL_NOTES=@@SQL_NOTES, SQL_NOTES=0 */;

--
-- Table structure for table `comment`
--

DROP TABLE IF EXISTS `comment`;
/*!40101 SET @saved_cs_client     = @@character_set_client */;
/*!50503 SET character_set_client = utf8mb4 */;
CREATE TABLE `comment` (
  `id` int NOT NULL AUTO_INCREMENT,
  `studentid` bigint DEFAULT NULL,
  `comment` varchar(256) DEFAULT NULL,
  PRIMARY KEY (`id`),
  KEY `studentid` (`studentid`),
  CONSTRAINT `comment_ibfk_1` FOREIGN KEY (`studentid`) REFERENCES `student` (`id`)
) ENGINE=InnoDB AUTO_INCREMENT=5 DEFAULT CHARSET=utf8mb4 COLLATE=utf8mb4_0900_ai_ci;
/*!40101 SET character_set_client = @saved_cs_client */;

--
-- Dumping data for table `comment`
--

LOCK TABLES `comment` WRITE;
/*!40000 ALTER TABLE `comment` DISABLE KEYS */;
INSERT INTO `comment` VALUES (1,39904221112,'Rikkus tunni ajal korda'),(3,60205147621,'Oli t채na v채ga tubli'),(4,69895469,'Hilines');
/*!40000 ALTER TABLE `comment` ENABLE KEYS */;
UNLOCK TABLES;

--
-- Table structure for table `course`
--

DROP TABLE IF EXISTS `course`;
/*!40101 SET @saved_cs_client     = @@character_set_client */;
/*!50503 SET character_set_client = utf8mb4 */;
CREATE TABLE `course` (
  `code` varchar(8) NOT NULL,
  `description` varchar(256) DEFAULT NULL,
  PRIMARY KEY (`code`)
) ENGINE=InnoDB DEFAULT CHARSET=utf8mb4 COLLATE=utf8mb4_0900_ai_ci;
/*!40101 SET character_set_client = @saved_cs_client */;

--
-- Dumping data for table `course`
--

LOCK TABLES `course` WRITE;
/*!40000 ALTER TABLE `course` DISABLE KEYS */;
INSERT INTO `course` VALUES ('MATH_K','Kitsas matemaatika'),('MATH_L','Lai matemaatika'),('VK_A','Venekeel edasij천undnutele'),('VK_B','Venekeel algajatele');
/*!40000 ALTER TABLE `course` ENABLE KEYS */;
UNLOCK TABLES;

--
-- Table structure for table `stgroup`
--

DROP TABLE IF EXISTS `stgroup`;
/*!40101 SET @saved_cs_client     = @@character_set_client */;
/*!50503 SET character_set_client = utf8mb4 */;
CREATE TABLE `stgroup` (
  `code` varchar(8) NOT NULL,
  `description` varchar(256) DEFAULT NULL,
  PRIMARY KEY (`code`)
) ENGINE=InnoDB DEFAULT CHARSET=utf8mb4 COLLATE=utf8mb4_0900_ai_ci;
/*!40101 SET character_set_client = @saved_cs_client */;

--
-- Dumping data for table `stgroup`
--

LOCK TABLES `stgroup` WRITE;
/*!40000 ALTER TABLE `stgroup` DISABLE KEYS */;
INSERT INTO `stgroup` VALUES ('TA-22E','2022 tarkvaraarendajad (eesti)'),('TA-22V','2022 tarkvaraarendajad (vene)'),('TA-23A','2023 tarkvaraarendajad (eesti)'),('TA-23B','2023 tarkvaraarendajad (vene)');
/*!40000 ALTER TABLE `stgroup` ENABLE KEYS */;
UNLOCK TABLES;

--
-- Table structure for table `student`
--

DROP TABLE IF EXISTS `student`;
/*!40101 SET @saved_cs_client     = @@character_set_client */;
/*!50503 SET character_set_client = utf8mb4 */;
CREATE TABLE `student` (
  `id` bigint NOT NULL,
  `firstname` varchar(256) DEFAULT NULL,
  `lastname` varchar(256) DEFAULT NULL,
  `birthdate` date DEFAULT NULL,
  `groupcode` varchar(8) DEFAULT NULL,
  PRIMARY KEY (`id`),
  KEY `groupcode` (`groupcode`),
  CONSTRAINT `student_ibfk_1` FOREIGN KEY (`groupcode`) REFERENCES `stgroup` (`code`)
) ENGINE=InnoDB DEFAULT CHARSET=utf8mb4 COLLATE=utf8mb4_0900_ai_ci;
/*!40101 SET character_set_client = @saved_cs_client */;

--
-- Dumping data for table `student`
--

LOCK TABLES `student` WRITE;
/*!40000 ALTER TABLE `student` DISABLE KEYS */;
INSERT INTO `student` VALUES (18892469,'Alex','Viik','2007-05-12','TA-23B'),(19812369,'Till','Viik','2003-05-12','TA-22V'),(69099469,'Johannes','Viik','2014-05-01','TA-23A'),(69730469,'Muska','Viik','2007-01-01','TA-23A'),(69800969,'Toomas','Viik','2005-12-12','TA-22V'),(69841469,'Kelly','Viik','2007-06-20','TA-23A'),(69892469,'Urmas','Viik','2002-04-08','TA-22E'),(69892569,'Hugo','Viik','2005-09-18','TA-22V'),(69895469,'Siim','Viik','2013-03-24','TA-23A'),(70892469,'Urmas','Viik','2002-04-08','TA-22E'),(39904221112,'Peeter','P천ld','1999-04-22','TA-23B'),(60205147621,'Aleksandra','Poljakova','2002-05-14','TA-23A');
/*!40000 ALTER TABLE `student` ENABLE KEYS */;
UNLOCK TABLES;
/*!40103 SET TIME_ZONE=@OLD_TIME_ZONE */;

/*!40101 SET SQL_MODE=@OLD_SQL_MODE */;
/*!40014 SET FOREIGN_KEY_CHECKS=@OLD_FOREIGN_KEY_CHECKS */;
/*!40014 SET UNIQUE_CHECKS=@OLD_UNIQUE_CHECKS */;
/*!40101 SET CHARACTER_SET_CLIENT=@OLD_CHARACTER_SET_CLIENT */;
/*!40101 SET CHARACTER_SET_RESULTS=@OLD_CHARACTER_SET_RESULTS */;
/*!40101 SET COLLATION_CONNECTION=@OLD_COLLATION_CONNECTION */;
/*!40111 SET SQL_NOTES=@OLD_SQL_NOTES */;

-- Dump completed on 2024-09-19 14:30:16
-- MySQL dump 10.13  Distrib 8.0.38, for Win64 (x86_64)
--
-- Host: localhost    Database: kool
-- ------------------------------------------------------
-- Server version	8.0.39

/*!40101 SET @OLD_CHARACTER_SET_CLIENT=@@CHARACTER_SET_CLIENT */;
/*!40101 SET @OLD_CHARACTER_SET_RESULTS=@@CHARACTER_SET_RESULTS */;
/*!40101 SET @OLD_COLLATION_CONNECTION=@@COLLATION_CONNECTION */;
/*!50503 SET NAMES utf8 */;
/*!40103 SET @OLD_TIME_ZONE=@@TIME_ZONE */;
/*!40103 SET TIME_ZONE='+00:00' */;
/*!40014 SET @OLD_UNIQUE_CHECKS=@@UNIQUE_CHECKS, UNIQUE_CHECKS=0 */;
/*!40014 SET @OLD_FOREIGN_KEY_CHECKS=@@FOREIGN_KEY_CHECKS, FOREIGN_KEY_CHECKS=0 */;
/*!40101 SET @OLD_SQL_MODE=@@SQL_MODE, SQL_MODE='NO_AUTO_VALUE_ON_ZERO' */;
/*!40111 SET @OLD_SQL_NOTES=@@SQL_NOTES, SQL_NOTES=0 */;

--
-- Table structure for table `groupname`
--

DROP TABLE IF EXISTS `groupname`;
/*!40101 SET @saved_cs_client     = @@character_set_client */;
/*!50503 SET character_set_client = utf8mb4 */;
CREATE TABLE `groupname` (
  `code` varchar(8) NOT NULL,
  `description` varchar(255) NOT NULL,
  PRIMARY KEY (`code`)
) ENGINE=InnoDB DEFAULT CHARSET=utf8mb4 COLLATE=utf8mb4_0900_ai_ci;
/*!40101 SET character_set_client = @saved_cs_client */;

--
-- Dumping data for table `groupname`
--

LOCK TABLES `groupname` WRITE;
/*!40000 ALTER TABLE `groupname` DISABLE KEYS */;
INSERT INTO `groupname` VALUES ('MM-22E','Multimeedia 2022 (eesti)'),('TA-22E','Tarkvaraarendajad 2022 (eesti)'),('TA-22V','Tarkvaraarendajad 2022 (vene)'),('TA-23A','Tarkvaraarendajad 2023 (eesti)'),('TA-23B','Tarkvaraarendajad 2023 (Vene)');
/*!40000 ALTER TABLE `groupname` ENABLE KEYS */;
UNLOCK TABLES;

--
-- Table structure for table `student`
--

DROP TABLE IF EXISTS `student`;
/*!40101 SET @saved_cs_client     = @@character_set_client */;
/*!50503 SET character_set_client = utf8mb4 */;
CREATE TABLE `student` (
  `id` bigint unsigned NOT NULL AUTO_INCREMENT,
  `firstname` varchar(255) NOT NULL,
  `lastname` varchar(255) NOT NULL,
  `groupcode` varchar(8) NOT NULL,
  PRIMARY KEY (`id`),
  KEY `student_groupcode_foreign` (`groupcode`),
  CONSTRAINT `student_groupcode_foreign` FOREIGN KEY (`groupcode`) REFERENCES `groupname` (`code`)
) ENGINE=InnoDB AUTO_INCREMENT=43874013844 DEFAULT CHARSET=utf8mb4 COLLATE=utf8mb4_0900_ai_ci;
/*!40101 SET character_set_client = @saved_cs_client */;

--
-- Dumping data for table `student`
--

LOCK TABLES `student` WRITE;
/*!40000 ALTER TABLE `student` DISABLE KEYS */;
INSERT INTO `student` VALUES (40951453843,'Tuudur','Toomingas','TA-23B'),(43839553843,'Lauri','Toomingas','TA-22E'),(43871453843,'Kristjan','Toomingas','MM-22E'),(43871494743,'Joosep','Toomingas','TA-23A'),(43874013843,'Carl','Toomingas','TA-22V');
/*!40000 ALTER TABLE `student` ENABLE KEYS */;
UNLOCK TABLES;
/*!40103 SET TIME_ZONE=@OLD_TIME_ZONE */;

/*!40101 SET SQL_MODE=@OLD_SQL_MODE */;
/*!40014 SET FOREIGN_KEY_CHECKS=@OLD_FOREIGN_KEY_CHECKS */;
/*!40014 SET UNIQUE_CHECKS=@OLD_UNIQUE_CHECKS */;
/*!40101 SET CHARACTER_SET_CLIENT=@OLD_CHARACTER_SET_CLIENT */;
/*!40101 SET CHARACTER_SET_RESULTS=@OLD_CHARACTER_SET_RESULTS */;
/*!40101 SET COLLATION_CONNECTION=@OLD_COLLATION_CONNECTION */;
/*!40111 SET SQL_NOTES=@OLD_SQL_NOTES */;

-- Dump completed on 2024-09-19 14:30:16
